PRAGMA defer_foreign_keys=TRUE;
CREATE TABLE d1_migrations(
		id         INTEGER PRIMARY KEY AUTOINCREMENT,
		name       TEXT UNIQUE,
		applied_at TIMESTAMP DEFAULT CURRENT_TIMESTAMP NOT NULL
);
INSERT INTO "d1_migrations" ("id","name","applied_at") VALUES(1,'0001_init.sql','2026-05-30 05:13:43');
INSERT INTO "d1_migrations" ("id","name","applied_at") VALUES(2,'0002_claims_align.sql','2026-05-30 08:25:01');
INSERT INTO "d1_migrations" ("id","name","applied_at") VALUES(3,'0003_supposedly_completed.sql','2026-05-30 09:29:26');
INSERT INTO "d1_migrations" ("id","name","applied_at") VALUES(4,'0004_multi_claim_per_level.sql','2026-05-30 09:29:26');
INSERT INTO "d1_migrations" ("id","name","applied_at") VALUES(5,'0005_user_preferences.sql','2026-05-31 06:47:44');
CREATE TABLE users (
  id TEXT PRIMARY KEY,
  discord_id TEXT UNIQUE NOT NULL,
  username TEXT NOT NULL,
  avatar_url TEXT,
  created_at TEXT NOT NULL DEFAULT (datetime('now'))
, manual_hardest_position INTEGER, manual_hardest_level_name TEXT, preferences_json TEXT);
INSERT INTO "users" ("id","discord_id","username","avatar_url","created_at","manual_hardest_position","manual_hardest_level_name","preferences_json") VALUES('eeadd766-3b5f-4983-a8c6-dd776502b869','386926889341681674','teqnify','https://cdn.discordapp.com/avatars/386926889341681674/f3295ae0e1fc138611257fbfb093b92b.png','2026-05-30 07:18:08',NULL,NULL,'{"filters":{"excludeCompleted":true,"excludeNewHardests":true,"onlyMyCompletions":false,"onlyUnclaimed":false,"boardClaimKinds":[],"onlyMine":false,"positionMin":null,"positionMax":null},"sortDirection":"asc","sortMode":"position"}');
INSERT INTO "users" ("id","discord_id","username","avatar_url","created_at","manual_hardest_position","manual_hardest_level_name","preferences_json") VALUES('fe3931f5-83bf-46d5-9ad5-129a4a10d334','372866287413624834','bigpapi365','https://cdn.discordapp.com/avatars/372866287413624834/c37ff73eb9f0777829290e5709a3c73d.png','2026-05-30 09:56:25',NULL,NULL,'{"filters":{"excludeCompleted":false,"excludeNewHardests":false,"onlyMyCompletions":false,"onlyUnclaimed":false,"boardClaimKinds":[],"onlyMine":false,"positionMin":null,"positionMax":null},"sortDirection":"asc","sortMode":"position"}');
INSERT INTO "users" ("id","discord_id","username","avatar_url","created_at","manual_hardest_position","manual_hardest_level_name","preferences_json") VALUES('6bf720be-b183-474c-a40f-1f588fe6d087','556692440921145344','xyo.bb','https://cdn.discordapp.com/avatars/556692440921145344/daeca910c25c85014000850b3c0f1df1.png','2026-05-30 09:56:56',465,'Solarion','{"filters":{"excludeCompleted":false,"excludeNewHardests":false,"onlyMyCompletions":false,"onlyUnclaimed":false,"boardClaimKinds":[],"onlyMine":false,"positionMin":null,"positionMax":null},"sortDirection":"asc","sortMode":"position"}');
INSERT INTO "users" ("id","discord_id","username","avatar_url","created_at","manual_hardest_position","manual_hardest_level_name","preferences_json") VALUES('2d500cfd-307f-452f-b243-baa03c369a4d','413359350145351681','punix.','https://cdn.discordapp.com/avatars/413359350145351681/44ae4ec3645682b93cdb4ae580e8ae33.png','2026-05-30 12:33:54',NULL,NULL,'{"filters":{"excludeCompleted":false,"excludeNewHardests":false,"onlyMyCompletions":false,"onlyUnclaimed":false,"boardClaimKinds":[],"onlyMine":false,"positionMin":null,"positionMax":null},"sortDirection":"asc"}');
INSERT INTO "users" ("id","discord_id","username","avatar_url","created_at","manual_hardest_position","manual_hardest_level_name","preferences_json") VALUES('daba832f-5f7c-42b8-986f-1a474020cd35','337639141267472385','ignitedriver','https://cdn.discordapp.com/avatars/337639141267472385/474f73d6ab5af77ed7865e351fa518e8.png','2026-05-30 21:44:08',265,'kowareta','{"filters":{"excludeCompleted":false,"excludeNewHardests":false,"onlyMyCompletions":false,"onlyUnclaimed":true,"boardClaimKinds":[],"onlyMine":false,"positionMin":null,"positionMax":null},"sortDirection":"asc","sortMode":"position"}');
INSERT INTO "users" ("id","discord_id","username","avatar_url","created_at","manual_hardest_position","manual_hardest_level_name","preferences_json") VALUES('95375ab1-6067-45de-9065-2023e71e1418','481610057461792769','sandhanitizer01','https://cdn.discordapp.com/avatars/481610057461792769/0c4fbbaa807112b4e1ced02000be1b11.png','2026-05-31 03:12:22',NULL,NULL,'{"filters":{"excludeCompleted":false,"excludeNewHardests":false,"onlyMyCompletions":false,"onlyUnclaimed":false,"boardClaimKinds":[],"onlyMine":false,"positionMin":null,"positionMax":null},"sortDirection":"asc","sortMode":"position"}');
INSERT INTO "users" ("id","discord_id","username","avatar_url","created_at","manual_hardest_position","manual_hardest_level_name","preferences_json") VALUES('b28e3b81-a53c-4375-93b5-7fba91b4320f','1330834179012694088','galwayguygg','https://cdn.discordapp.com/avatars/1330834179012694088/a178d7d4671bc33d43a6a2a9e51682f3.png','2026-06-02 06:14:54',NULL,NULL,'{"filters":{"excludeCompleted":false,"excludeNewHardests":false,"onlyMyCompletions":false,"onlyUnclaimed":true,"boardClaimKinds":[],"onlyMine":false,"positionMin":1000,"positionMax":1451},"sortDirection":"asc","sortMode":"position"}');
INSERT INTO "users" ("id","discord_id","username","avatar_url","created_at","manual_hardest_position","manual_hardest_level_name","preferences_json") VALUES('f0a0a328-107f-4cef-8319-53376f19a934','959569414964011078','zelfmonco','https://cdn.discordapp.com/avatars/959569414964011078/b9446b4364428d9b7c0016ba890adb05.png','2026-06-02 22:35:41',NULL,NULL,'{"filters":{"excludeCompleted":false,"excludeNewHardests":false,"onlyMyCompletions":false,"onlyUnclaimed":false,"boardClaimKinds":[],"onlyMine":false,"positionMin":null,"positionMax":null},"sortDirection":"asc","sortMode":"position"}');
INSERT INTO "users" ("id","discord_id","username","avatar_url","created_at","manual_hardest_position","manual_hardest_level_name","preferences_json") VALUES('3eab3a77-429d-4423-8410-9097a1336c82','815302883200598036','exa.decimal','https://cdn.discordapp.com/avatars/815302883200598036/b7abe45974fc75964e63b41d5a78ee7c.png','2026-06-03 02:05:58',NULL,NULL,'{"filters":{"excludeCompleted":false,"excludeNewHardests":false,"onlyMyCompletions":false,"onlyUnclaimed":false,"boardClaimKinds":[],"onlyMine":false,"positionMin":null,"positionMax":null},"sortDirection":"asc","sortMode":"position"}');
INSERT INTO "users" ("id","discord_id","username","avatar_url","created_at","manual_hardest_position","manual_hardest_level_name","preferences_json") VALUES('39c7c148-b2af-465f-ba24-8cdea8a9efb0','1307770911960862815','tanner__777','https://cdn.discordapp.com/avatars/1307770911960862815/a_d047b79dd4522a601b80f693fe4f9dbb.png','2026-06-04 01:01:19',NULL,NULL,'{"filters":{"excludeCompleted":false,"excludeNewHardests":false,"onlyMyCompletions":false,"onlyUnclaimed":false,"boardClaimKinds":[],"onlyMine":false,"positionMin":null,"positionMax":null},"sortDirection":"asc","sortMode":"position"}');
INSERT INTO "users" ("id","discord_id","username","avatar_url","created_at","manual_hardest_position","manual_hardest_level_name","preferences_json") VALUES('bc74d700-4583-4dd6-a752-5fdc768fe932','752184220776005822','qwertyokbomb','https://cdn.discordapp.com/avatars/752184220776005822/48fb4b58d20f5407e702e46f24bde875.png','2026-06-04 13:06:44',NULL,NULL,'{"filters":{"excludeCompleted":false,"excludeNewHardests":false,"onlyMyCompletions":false,"onlyUnclaimed":false,"boardClaimKinds":[],"onlyMine":false,"positionMin":null,"positionMax":null},"sortDirection":"asc","sortMode":"position"}');
INSERT INTO "users" ("id","discord_id","username","avatar_url","created_at","manual_hardest_position","manual_hardest_level_name","preferences_json") VALUES('ddf71600-df0c-4b37-8938-d9f5c86588d8','892441231567765546','adoluvsu','https://cdn.discordapp.com/avatars/892441231567765546/cecaac13051dd4c8328b111bb3a97266.png','2026-06-06 03:48:12',NULL,NULL,'{"filters":{"excludeCompleted":false,"excludeNewHardests":false,"onlyMyCompletions":false,"onlyUnclaimed":true,"boardClaimKinds":[],"onlyMine":false,"positionMin":null,"positionMax":null},"sortDirection":"asc","sortMode":"position"}');
CREATE TABLE IF NOT EXISTS "claims" (
  id TEXT PRIMARY KEY,
  user_id TEXT NOT NULL REFERENCES users(id),
  level_id TEXT NOT NULL,
  priority TEXT NOT NULL CHECK (priority IN (
    'begrudgingly_earmarked',
    'claimed',
    'locked_down',
    'supposedly_completed'
  )),
  created_at TEXT NOT NULL DEFAULT (datetime('now')),
  updated_at TEXT NOT NULL DEFAULT (datetime('now')),
  UNIQUE(user_id, level_id)
);
INSERT INTO "claims" ("id","user_id","level_id","priority","created_at","updated_at") VALUES('a49aef57-8708-491c-b553-15e2646d17c3','fe3931f5-83bf-46d5-9ad5-129a4a10d334','9d2b42a3-3720-4578-9c0c-601bbb1b2bc0','claimed','2026-05-30 09:56:53','2026-05-30 09:56:53');
INSERT INTO "claims" ("id","user_id","level_id","priority","created_at","updated_at") VALUES('ba5f3ad8-0cef-414c-a6b5-86c47c2329de','fe3931f5-83bf-46d5-9ad5-129a4a10d334','421c7795-aa17-463e-976f-8aa9330a732e','claimed','2026-05-30 09:57:37','2026-05-30 09:57:37');
INSERT INTO "claims" ("id","user_id","level_id","priority","created_at","updated_at") VALUES('18ec501f-1968-4452-a7c3-5079704675dc','fe3931f5-83bf-46d5-9ad5-129a4a10d334','e9f90d40-2901-4554-ad25-db652cb04f7b','claimed','2026-05-30 09:57:40','2026-05-30 09:57:40');
INSERT INTO "claims" ("id","user_id","level_id","priority","created_at","updated_at") VALUES('09364f5e-84da-4ffb-b9b4-324451eb40d2','6bf720be-b183-474c-a40f-1f588fe6d087','d2e7ae0f-e5f1-476b-96f3-b20511d1bcae','supposedly_completed','2026-05-30 09:59:37','2026-05-30 09:59:37');
INSERT INTO "claims" ("id","user_id","level_id","priority","created_at","updated_at") VALUES('56a25865-f2f5-42d7-b935-44716c6efdcf','95375ab1-6067-45de-9065-2023e71e1418','9e4fe89f-e634-41f6-a1d7-c388d426856b','locked_down','2026-05-31 03:12:35','2026-05-31 03:12:35');
INSERT INTO "claims" ("id","user_id","level_id","priority","created_at","updated_at") VALUES('21d9c984-a7ac-4a3a-a57a-52ab9dd1e578','95375ab1-6067-45de-9065-2023e71e1418','7e39c9be-cbcc-4aff-a23c-08add685a336','supposedly_completed','2026-05-31 03:13:16','2026-05-31 03:13:16');
INSERT INTO "claims" ("id","user_id","level_id","priority","created_at","updated_at") VALUES('39ab969e-e8da-49f0-ba8c-e78e75e0b9e5','95375ab1-6067-45de-9065-2023e71e1418','d022317b-32cc-462b-98a1-9aa37a6c8431','locked_down','2026-05-31 03:13:33','2026-05-31 03:13:33');
INSERT INTO "claims" ("id","user_id","level_id","priority","created_at","updated_at") VALUES('e3428612-accc-4f01-ae2c-30c3e9b7a171','eeadd766-3b5f-4983-a8c6-dd776502b869','3084d6d3-b9e5-4660-8113-8cde59957911','begrudgingly_earmarked','2026-05-31 05:49:28','2026-05-31 05:49:28');
INSERT INTO "claims" ("id","user_id","level_id","priority","created_at","updated_at") VALUES('cf12e9af-7da8-41f0-bd90-3bdc6f221a8c','eeadd766-3b5f-4983-a8c6-dd776502b869','5e08596b-eb38-4b55-bc7d-9018f8f4b6e6','claimed','2026-05-31 05:49:34','2026-05-31 05:49:34');
INSERT INTO "claims" ("id","user_id","level_id","priority","created_at","updated_at") VALUES('eda706af-c6bd-4f42-bca9-b34c50e120f1','eeadd766-3b5f-4983-a8c6-dd776502b869','87e67889-accc-4fd3-a121-2b98bf1d119d','claimed','2026-05-31 05:49:39','2026-05-31 05:49:39');
INSERT INTO "claims" ("id","user_id","level_id","priority","created_at","updated_at") VALUES('e3d3ffb9-b36e-46ff-8241-19ab121cb13a','eeadd766-3b5f-4983-a8c6-dd776502b869','faecba02-5c37-41f1-bde0-9b1e6a716576','claimed','2026-05-31 05:49:50','2026-05-31 05:49:50');
INSERT INTO "claims" ("id","user_id","level_id","priority","created_at","updated_at") VALUES('2f5b7e6a-bfc4-4489-ac58-77e078cb5ded','eeadd766-3b5f-4983-a8c6-dd776502b869','3276241d-aa27-49d4-9a43-d75f90d67437','claimed','2026-05-31 05:49:53','2026-05-31 05:49:53');
INSERT INTO "claims" ("id","user_id","level_id","priority","created_at","updated_at") VALUES('8ec6ef18-e130-4ad2-8c63-7cbdb9d70751','eeadd766-3b5f-4983-a8c6-dd776502b869','97972dc3-f907-47be-8024-94bd0360d22f','begrudgingly_earmarked','2026-05-31 05:50:19','2026-05-31 05:50:19');
INSERT INTO "claims" ("id","user_id","level_id","priority","created_at","updated_at") VALUES('824e1d86-41e8-4e77-922e-91524eee39d9','eeadd766-3b5f-4983-a8c6-dd776502b869','bd189307-9cc1-448a-ad13-e9362161cfb9','claimed','2026-05-31 05:50:25','2026-05-31 05:50:25');
INSERT INTO "claims" ("id","user_id","level_id","priority","created_at","updated_at") VALUES('e88bbf9e-1862-4b84-ba0f-57afaab03aae','eeadd766-3b5f-4983-a8c6-dd776502b869','ff19f637-5dd4-438a-b233-5440de9c79fe','claimed','2026-05-31 06:32:49','2026-05-31 06:32:49');
INSERT INTO "claims" ("id","user_id","level_id","priority","created_at","updated_at") VALUES('7108510d-e09c-4bab-8ce2-704bbe90d982','fe3931f5-83bf-46d5-9ad5-129a4a10d334','1baaea1a-3e18-434a-85fa-687d039c3736','claimed','2026-06-01 04:52:32','2026-06-01 04:52:32');
INSERT INTO "claims" ("id","user_id","level_id","priority","created_at","updated_at") VALUES('635d7c7e-be87-42b3-8e08-75ea73d2e231','fe3931f5-83bf-46d5-9ad5-129a4a10d334','fdcc153d-eaf9-4ff0-89bc-adcfe8fa1005','claimed','2026-06-01 04:52:44','2026-06-01 04:54:22');
INSERT INTO "claims" ("id","user_id","level_id","priority","created_at","updated_at") VALUES('52b51f47-13d4-4380-bb9d-c499bbdcfb21','fe3931f5-83bf-46d5-9ad5-129a4a10d334','ff2be038-b68f-4a07-ba99-1405128587e2','claimed','2026-06-01 04:53:14','2026-06-01 04:53:14');
INSERT INTO "claims" ("id","user_id","level_id","priority","created_at","updated_at") VALUES('9512101b-1635-4ffa-a625-3bceef55f96f','fe3931f5-83bf-46d5-9ad5-129a4a10d334','36b2f13c-fe6c-4e04-9ddd-fe78dab01dda','begrudgingly_earmarked','2026-06-01 04:54:41','2026-06-01 04:54:41');
INSERT INTO "claims" ("id","user_id","level_id","priority","created_at","updated_at") VALUES('2aaa0ef3-4f29-41a7-823a-ff9f0ead919e','eeadd766-3b5f-4983-a8c6-dd776502b869','973cb151-6642-4a06-a0dd-4e26f8a1404d','claimed','2026-06-01 05:53:39','2026-06-01 05:53:39');
INSERT INTO "claims" ("id","user_id","level_id","priority","created_at","updated_at") VALUES('31b84fcb-e56d-4805-aded-b78de69f2ba5','eeadd766-3b5f-4983-a8c6-dd776502b869','a6fda692-bfde-4122-b032-f35df420cb87','begrudgingly_earmarked','2026-06-01 05:53:48','2026-06-01 05:53:48');
INSERT INTO "claims" ("id","user_id","level_id","priority","created_at","updated_at") VALUES('4dd447cd-085f-4996-980f-a729621e3d28','eeadd766-3b5f-4983-a8c6-dd776502b869','91c16ca5-1058-45d7-830a-27f0be543b2a','claimed','2026-06-01 05:54:19','2026-06-01 05:54:19');
INSERT INTO "claims" ("id","user_id","level_id","priority","created_at","updated_at") VALUES('f09b4cee-a04a-47bc-b4ad-94e628f9cb83','b28e3b81-a53c-4375-93b5-7fba91b4320f','aea56ddf-48dc-4da0-b4e5-0614d0052923','supposedly_completed','2026-06-02 06:15:30','2026-06-02 06:15:30');
INSERT INTO "claims" ("id","user_id","level_id","priority","created_at","updated_at") VALUES('eb8e65b3-9885-47cb-87f3-50ff51889a66','b28e3b81-a53c-4375-93b5-7fba91b4320f','8198f26d-fd16-4cbe-bf82-a2764e99f949','supposedly_completed','2026-06-02 06:15:41','2026-06-02 06:15:41');
INSERT INTO "claims" ("id","user_id","level_id","priority","created_at","updated_at") VALUES('766be896-3b37-469a-9474-698d5429b62f','b28e3b81-a53c-4375-93b5-7fba91b4320f','6113c143-f544-4707-8ddc-8396d37aca92','supposedly_completed','2026-06-02 06:24:42','2026-06-02 06:24:42');
INSERT INTO "claims" ("id","user_id","level_id","priority","created_at","updated_at") VALUES('86239fe3-bee6-4a74-8c3b-c75735002a6b','b28e3b81-a53c-4375-93b5-7fba91b4320f','38705ba3-9d2e-44b4-b843-7b28c892eb24','supposedly_completed','2026-06-02 06:29:35','2026-06-02 06:29:35');
INSERT INTO "claims" ("id","user_id","level_id","priority","created_at","updated_at") VALUES('ed39af5f-f25d-4f71-8a56-4d67f60802d6','b28e3b81-a53c-4375-93b5-7fba91b4320f','6e0cd965-473c-4cff-8eaf-685cb873c7d1','supposedly_completed','2026-06-02 06:29:49','2026-06-02 06:29:49');
INSERT INTO "claims" ("id","user_id","level_id","priority","created_at","updated_at") VALUES('00db7095-1f66-4dce-af68-8080bf767701','b28e3b81-a53c-4375-93b5-7fba91b4320f','ecf3550e-fd6a-4dd0-8756-c3777877dc7c','supposedly_completed','2026-06-02 06:30:11','2026-06-02 06:30:11');
INSERT INTO "claims" ("id","user_id","level_id","priority","created_at","updated_at") VALUES('c54aa2bf-85f7-44d6-8345-1ddcaf389edf','b28e3b81-a53c-4375-93b5-7fba91b4320f','df91fec0-8e56-4494-b130-44bca40da1af','supposedly_completed','2026-06-02 06:30:37','2026-06-02 06:30:37');
INSERT INTO "claims" ("id","user_id","level_id","priority","created_at","updated_at") VALUES('bbc4d506-ae66-4c11-b833-cfcef72044ae','b28e3b81-a53c-4375-93b5-7fba91b4320f','c5a4c7e2-df29-4e5d-8d87-9ceee7288165','supposedly_completed','2026-06-02 06:30:50','2026-06-02 06:30:50');
INSERT INTO "claims" ("id","user_id","level_id","priority","created_at","updated_at") VALUES('6f562d8f-1b3c-453b-9733-90a31583edbc','b28e3b81-a53c-4375-93b5-7fba91b4320f','5c4d1820-2c22-4572-9e19-bfd83fd5923d','supposedly_completed','2026-06-02 06:31:04','2026-06-02 06:31:04');
INSERT INTO "claims" ("id","user_id","level_id","priority","created_at","updated_at") VALUES('3150312a-9fd2-46e2-b40e-41e51876db75','b28e3b81-a53c-4375-93b5-7fba91b4320f','6f7c21f0-fb03-4419-961b-ddbccd54e1d6','supposedly_completed','2026-06-02 06:31:10','2026-06-02 06:31:10');
INSERT INTO "claims" ("id","user_id","level_id","priority","created_at","updated_at") VALUES('da8fe917-bd46-4fd9-b1e1-3871930aa3fd','b28e3b81-a53c-4375-93b5-7fba91b4320f','e0aee16e-bcbd-4dad-8d3c-0a882b961a5c','supposedly_completed','2026-06-02 06:31:19','2026-06-02 06:31:19');
INSERT INTO "claims" ("id","user_id","level_id","priority","created_at","updated_at") VALUES('7298dace-72cc-43b9-b22d-8b890f406109','b28e3b81-a53c-4375-93b5-7fba91b4320f','bc964098-3ad6-4e57-824d-aba1ccbb804d','supposedly_completed','2026-06-02 06:31:27','2026-06-02 06:31:27');
INSERT INTO "claims" ("id","user_id","level_id","priority","created_at","updated_at") VALUES('49ce669a-4ed3-4d89-8209-5d2dd87680cf','b28e3b81-a53c-4375-93b5-7fba91b4320f','63d3cf60-8e40-4149-bb5e-7f5f3f175eaa','supposedly_completed','2026-06-02 06:31:37','2026-06-02 06:31:37');
INSERT INTO "claims" ("id","user_id","level_id","priority","created_at","updated_at") VALUES('b2eecbe3-04c3-4cf5-a6a1-10eb47fd4ae3','b28e3b81-a53c-4375-93b5-7fba91b4320f','a993b12a-f475-49ba-8007-fbf9736da1c5','supposedly_completed','2026-06-02 06:31:50','2026-06-02 06:31:50');
INSERT INTO "claims" ("id","user_id","level_id","priority","created_at","updated_at") VALUES('5495b2ae-637e-416b-8ab1-8724686e958e','b28e3b81-a53c-4375-93b5-7fba91b4320f','7f7a72d1-1c0a-4a2f-bbee-129dac32ba0e','supposedly_completed','2026-06-02 06:31:57','2026-06-02 06:31:57');
INSERT INTO "claims" ("id","user_id","level_id","priority","created_at","updated_at") VALUES('43360971-4ebf-4b7a-9851-3e83f34ba7c8','b28e3b81-a53c-4375-93b5-7fba91b4320f','100ecf7f-96ef-43a9-8f3f-33185b088609','supposedly_completed','2026-06-02 06:32:06','2026-06-02 06:32:06');
INSERT INTO "claims" ("id","user_id","level_id","priority","created_at","updated_at") VALUES('aea2d4ef-86f3-40b0-8bd7-b1b05b29ef5e','b28e3b81-a53c-4375-93b5-7fba91b4320f','617a8bb7-d528-4f6e-b5c8-f910939ade36','supposedly_completed','2026-06-02 06:32:16','2026-06-02 06:32:16');
INSERT INTO "claims" ("id","user_id","level_id","priority","created_at","updated_at") VALUES('5c3ac488-45ce-4f0b-bd39-89deade73e8f','b28e3b81-a53c-4375-93b5-7fba91b4320f','ac14d48b-d29f-41f6-aa2a-04d3c7a2a892','supposedly_completed','2026-06-02 06:32:25','2026-06-02 06:32:25');
INSERT INTO "claims" ("id","user_id","level_id","priority","created_at","updated_at") VALUES('9cefefda-fc10-4156-ac8e-eff91daa91f9','b28e3b81-a53c-4375-93b5-7fba91b4320f','c28173b9-0eb1-4d27-aea6-3ceccc69bb2f','supposedly_completed','2026-06-02 06:32:53','2026-06-02 06:32:53');
INSERT INTO "claims" ("id","user_id","level_id","priority","created_at","updated_at") VALUES('9d7855f3-05b7-4b9e-b7c6-c16c25d16f26','b28e3b81-a53c-4375-93b5-7fba91b4320f','2920d9ad-70aa-45b0-a6ec-b0259f2f2440','supposedly_completed','2026-06-02 06:33:02','2026-06-02 06:33:02');
INSERT INTO "claims" ("id","user_id","level_id","priority","created_at","updated_at") VALUES('76263ccd-c671-442f-a9c5-5ebc5d4da6a1','b28e3b81-a53c-4375-93b5-7fba91b4320f','71dfb425-8eae-4307-a205-7c00242b3089','supposedly_completed','2026-06-02 06:33:12','2026-06-02 06:33:12');
INSERT INTO "claims" ("id","user_id","level_id","priority","created_at","updated_at") VALUES('e5aee781-0c5c-456d-9e3f-d04063caef9d','b28e3b81-a53c-4375-93b5-7fba91b4320f','d7de399e-2f92-463a-8a15-3d2867d4d416','supposedly_completed','2026-06-02 06:33:16','2026-06-02 06:33:16');
INSERT INTO "claims" ("id","user_id","level_id","priority","created_at","updated_at") VALUES('6f8121ff-62f1-46b8-bf77-12afa91dd318','b28e3b81-a53c-4375-93b5-7fba91b4320f','154af01f-c897-4523-880b-6dbf7797e9bb','supposedly_completed','2026-06-02 06:33:30','2026-06-02 06:33:30');
INSERT INTO "claims" ("id","user_id","level_id","priority","created_at","updated_at") VALUES('4a2f68af-c2b7-4c66-9dd4-e7fffdde322d','b28e3b81-a53c-4375-93b5-7fba91b4320f','e2e73836-0175-4c44-aeda-1b0b36273c41','supposedly_completed','2026-06-02 06:33:43','2026-06-02 06:33:43');
INSERT INTO "claims" ("id","user_id","level_id","priority","created_at","updated_at") VALUES('e62fc1dc-d94e-42a2-b1fe-3e09f9b5b233','b28e3b81-a53c-4375-93b5-7fba91b4320f','ee5b1d6b-4d06-4ce6-a765-f67683d27ad5','supposedly_completed','2026-06-02 06:33:50','2026-06-02 06:33:50');
INSERT INTO "claims" ("id","user_id","level_id","priority","created_at","updated_at") VALUES('3535715c-2630-4195-9e71-e493ddb56eae','b28e3b81-a53c-4375-93b5-7fba91b4320f','a2ca31a7-b5fe-43c0-b11b-6017e088b16e','supposedly_completed','2026-06-02 06:33:57','2026-06-02 06:33:57');
INSERT INTO "claims" ("id","user_id","level_id","priority","created_at","updated_at") VALUES('cb88079b-acea-4951-851b-ff60062d70bb','b28e3b81-a53c-4375-93b5-7fba91b4320f','bfc18246-45f3-48e7-9b74-f39592e6f388','supposedly_completed','2026-06-02 06:34:04','2026-06-02 06:34:04');
INSERT INTO "claims" ("id","user_id","level_id","priority","created_at","updated_at") VALUES('58d757b0-6e88-4a04-b26f-7d7463d8b8d2','b28e3b81-a53c-4375-93b5-7fba91b4320f','267b9199-b8e4-4cdf-9b0b-369e77421947','supposedly_completed','2026-06-02 06:34:19','2026-06-02 06:34:19');
INSERT INTO "claims" ("id","user_id","level_id","priority","created_at","updated_at") VALUES('71835ec9-e462-4e43-a385-ca1a31520517','b28e3b81-a53c-4375-93b5-7fba91b4320f','25bde0ce-d1ae-40ca-a665-6ab55db329f8','supposedly_completed','2026-06-02 06:34:29','2026-06-02 06:34:29');
INSERT INTO "claims" ("id","user_id","level_id","priority","created_at","updated_at") VALUES('e2dd87b8-df70-433c-931f-41f56d634747','b28e3b81-a53c-4375-93b5-7fba91b4320f','016f5b49-7dc8-4551-be75-0932cebb5926','supposedly_completed','2026-06-02 06:34:41','2026-06-02 06:34:41');
INSERT INTO "claims" ("id","user_id","level_id","priority","created_at","updated_at") VALUES('307dc7da-8808-4cad-b282-d3c1d79bcd57','b28e3b81-a53c-4375-93b5-7fba91b4320f','63513301-86f9-4227-adf2-a7789779609f','supposedly_completed','2026-06-02 06:36:01','2026-06-02 06:36:01');
INSERT INTO "claims" ("id","user_id","level_id","priority","created_at","updated_at") VALUES('2859cdcb-cc99-4e1f-9cb6-5dbbbd893a34','b28e3b81-a53c-4375-93b5-7fba91b4320f','565bf020-d050-4121-b77e-7e44c3cbd5f8','supposedly_completed','2026-06-02 06:36:07','2026-06-02 06:36:07');
INSERT INTO "claims" ("id","user_id","level_id","priority","created_at","updated_at") VALUES('fcd9dac1-3f67-4b78-a331-ebcfd0bbdc90','b28e3b81-a53c-4375-93b5-7fba91b4320f','75773703-f9ee-423a-b3c1-5c4178faa046','supposedly_completed','2026-06-02 06:36:17','2026-06-02 06:36:17');
INSERT INTO "claims" ("id","user_id","level_id","priority","created_at","updated_at") VALUES('dc8d8bd7-9325-46db-953a-0de4998134d6','b28e3b81-a53c-4375-93b5-7fba91b4320f','693cdd90-6a09-4ea3-b4f9-69f0b00ec999','supposedly_completed','2026-06-02 06:36:27','2026-06-02 06:36:27');
INSERT INTO "claims" ("id","user_id","level_id","priority","created_at","updated_at") VALUES('16b7c113-7cc2-4317-8037-3bdbbee318f2','b28e3b81-a53c-4375-93b5-7fba91b4320f','a04c293b-27b2-4a1f-b8b3-71a7a31531e4','supposedly_completed','2026-06-02 06:36:34','2026-06-02 06:36:34');
INSERT INTO "claims" ("id","user_id","level_id","priority","created_at","updated_at") VALUES('a94ece3d-2063-4886-967b-5cfb891b5f69','b28e3b81-a53c-4375-93b5-7fba91b4320f','86af0a51-d53d-405f-8c16-11e76fc74aed','supposedly_completed','2026-06-02 06:36:38','2026-06-02 06:36:38');
INSERT INTO "claims" ("id","user_id","level_id","priority","created_at","updated_at") VALUES('ac3e0999-2ef1-429d-b5eb-a5ab5631747c','b28e3b81-a53c-4375-93b5-7fba91b4320f','6b598b0c-95db-47b3-8052-ae8dd8ac7a03','supposedly_completed','2026-06-02 06:36:46','2026-06-02 06:36:46');
INSERT INTO "claims" ("id","user_id","level_id","priority","created_at","updated_at") VALUES('ca0f9bb9-61f5-4453-bd7b-e7870d183397','b28e3b81-a53c-4375-93b5-7fba91b4320f','c08a8f49-62dc-412f-b17b-c8cd56ff5018','supposedly_completed','2026-06-02 06:36:54','2026-06-02 06:36:54');
INSERT INTO "claims" ("id","user_id","level_id","priority","created_at","updated_at") VALUES('e116274a-110f-460d-93ae-813cd5b3f30e','b28e3b81-a53c-4375-93b5-7fba91b4320f','79a36bdf-e70d-475e-9759-f2707fbac2d3','supposedly_completed','2026-06-02 06:37:02','2026-06-02 06:37:02');
INSERT INTO "claims" ("id","user_id","level_id","priority","created_at","updated_at") VALUES('f46b3218-7f9a-40e5-8c0f-3d6a06386460','b28e3b81-a53c-4375-93b5-7fba91b4320f','8922572d-8f30-4296-9a1a-3aac3a65c775','supposedly_completed','2026-06-02 06:37:10','2026-06-02 06:37:10');
INSERT INTO "claims" ("id","user_id","level_id","priority","created_at","updated_at") VALUES('7446e54b-23f2-4739-a0b9-86f7f958cc7c','b28e3b81-a53c-4375-93b5-7fba91b4320f','9e38d2bf-5fb0-45f7-92f5-789b759be90e','supposedly_completed','2026-06-02 06:37:24','2026-06-02 06:37:24');
INSERT INTO "claims" ("id","user_id","level_id","priority","created_at","updated_at") VALUES('301011ad-cc78-4534-ae61-31ecbeaf1bfe','b28e3b81-a53c-4375-93b5-7fba91b4320f','1bd96331-5df1-4a5a-806e-d941d164c5aa','supposedly_completed','2026-06-02 06:37:31','2026-06-02 06:37:31');
INSERT INTO "claims" ("id","user_id","level_id","priority","created_at","updated_at") VALUES('cef49198-88c6-40b7-ba4f-e4aa3a74f0c4','b28e3b81-a53c-4375-93b5-7fba91b4320f','4cd4666e-180c-4d05-a041-8577e351984f','supposedly_completed','2026-06-02 06:37:39','2026-06-02 06:37:39');
INSERT INTO "claims" ("id","user_id","level_id","priority","created_at","updated_at") VALUES('62910669-2bcd-48d3-bdc4-7adec0bb332d','b28e3b81-a53c-4375-93b5-7fba91b4320f','6d36575d-26eb-4fdd-9f71-ab887f9f2598','supposedly_completed','2026-06-02 06:37:51','2026-06-02 06:37:51');
INSERT INTO "claims" ("id","user_id","level_id","priority","created_at","updated_at") VALUES('c37eb474-db63-452a-b32e-0aca8be152b9','b28e3b81-a53c-4375-93b5-7fba91b4320f','6792ca5a-7d02-45d5-bc45-41852a58d782','supposedly_completed','2026-06-02 06:38:07','2026-06-02 06:38:07');
INSERT INTO "claims" ("id","user_id","level_id","priority","created_at","updated_at") VALUES('a364daec-e73f-4dbd-b123-c6903d899946','b28e3b81-a53c-4375-93b5-7fba91b4320f','7e53f4e9-58a7-4464-b673-0fdd4f02cd45','supposedly_completed','2026-06-02 06:38:22','2026-06-02 06:38:22');
INSERT INTO "claims" ("id","user_id","level_id","priority","created_at","updated_at") VALUES('3483d129-5189-45f9-8f7d-c000c7540eba','b28e3b81-a53c-4375-93b5-7fba91b4320f','4f700af6-cf0f-4039-8851-5e7fc9c0baaf','supposedly_completed','2026-06-02 06:38:31','2026-06-02 06:38:31');
INSERT INTO "claims" ("id","user_id","level_id","priority","created_at","updated_at") VALUES('9ee9d8a4-d168-403e-8d60-1c645c27ed4b','b28e3b81-a53c-4375-93b5-7fba91b4320f','c4708893-285a-450b-86b1-666e68e26fbf','supposedly_completed','2026-06-02 06:38:40','2026-06-02 06:38:40');
INSERT INTO "claims" ("id","user_id","level_id","priority","created_at","updated_at") VALUES('802d008a-27da-4eee-a35f-9fdf0a6eb7cb','b28e3b81-a53c-4375-93b5-7fba91b4320f','55d8feb9-a1bf-4c60-bed9-bd48964a6b90','supposedly_completed','2026-06-02 06:38:48','2026-06-02 06:38:48');
INSERT INTO "claims" ("id","user_id","level_id","priority","created_at","updated_at") VALUES('6fb27aa7-3994-41bf-b671-38f1d1bc6c6a','b28e3b81-a53c-4375-93b5-7fba91b4320f','87e54196-447e-4980-84bd-e42f5c51b6c4','supposedly_completed','2026-06-02 06:38:56','2026-06-02 06:38:56');
INSERT INTO "claims" ("id","user_id","level_id","priority","created_at","updated_at") VALUES('8f96a2df-8b2f-45ac-802f-7df17e77f30c','b28e3b81-a53c-4375-93b5-7fba91b4320f','33aaa0f5-c0bc-4f4e-a054-71b13be8d23f','supposedly_completed','2026-06-02 06:39:04','2026-06-02 06:39:04');
INSERT INTO "claims" ("id","user_id","level_id","priority","created_at","updated_at") VALUES('24c2d22c-7039-448d-ab50-0ed15e06869f','b28e3b81-a53c-4375-93b5-7fba91b4320f','7448b2e0-bdd0-47ae-9789-30f76ee8c25f','supposedly_completed','2026-06-02 06:39:11','2026-06-02 06:39:11');
INSERT INTO "claims" ("id","user_id","level_id","priority","created_at","updated_at") VALUES('7a8df720-a7af-4bfa-a542-c7f593a69053','b28e3b81-a53c-4375-93b5-7fba91b4320f','2238d375-312a-4b4a-a472-3441c1fe1ead','supposedly_completed','2026-06-02 06:39:20','2026-06-02 06:39:20');
INSERT INTO "claims" ("id","user_id","level_id","priority","created_at","updated_at") VALUES('18dcb829-007a-45af-8771-378d24388824','b28e3b81-a53c-4375-93b5-7fba91b4320f','c4fd7213-cd83-47e0-8fb5-1b40d4bc2fff','supposedly_completed','2026-06-02 06:39:28','2026-06-02 06:39:28');
INSERT INTO "claims" ("id","user_id","level_id","priority","created_at","updated_at") VALUES('3f78822e-8105-475d-8bad-a1c101319292','b28e3b81-a53c-4375-93b5-7fba91b4320f','73fbb61f-a4bf-4c40-81d3-251aba49852e','supposedly_completed','2026-06-02 06:39:36','2026-06-02 06:39:36');
INSERT INTO "claims" ("id","user_id","level_id","priority","created_at","updated_at") VALUES('a1bb543c-5751-46bb-a303-3051f2781925','b28e3b81-a53c-4375-93b5-7fba91b4320f','e6af1a25-4a56-4387-b9a0-dc1bc547a813','supposedly_completed','2026-06-02 06:41:09','2026-06-02 06:41:09');
INSERT INTO "claims" ("id","user_id","level_id","priority","created_at","updated_at") VALUES('25f7eeea-e63b-4956-a3ef-6ebfd3530be2','b28e3b81-a53c-4375-93b5-7fba91b4320f','7d2968ac-9086-4137-a474-f5e351cd6747','supposedly_completed','2026-06-02 06:41:21','2026-06-02 06:41:21');
INSERT INTO "claims" ("id","user_id","level_id","priority","created_at","updated_at") VALUES('5a622616-add1-45d0-b873-9f8703b5fbe7','b28e3b81-a53c-4375-93b5-7fba91b4320f','4202bfb8-dae8-4adb-8710-8a7517f50751','supposedly_completed','2026-06-02 06:41:35','2026-06-02 06:41:35');
INSERT INTO "claims" ("id","user_id","level_id","priority","created_at","updated_at") VALUES('e8730423-1fe1-41e5-90c0-405b88bef570','b28e3b81-a53c-4375-93b5-7fba91b4320f','f43f4ee3-e9dd-4ece-a535-902196ba9ef5','supposedly_completed','2026-06-02 09:11:27','2026-06-02 09:11:27');
INSERT INTO "claims" ("id","user_id","level_id","priority","created_at","updated_at") VALUES('c163c400-cd9c-43cc-ab7b-a9c15feefe83','b28e3b81-a53c-4375-93b5-7fba91b4320f','957de90d-4abb-4378-b3c8-a110bb4e25e9','supposedly_completed','2026-06-02 09:11:35','2026-06-02 09:11:35');
INSERT INTO "claims" ("id","user_id","level_id","priority","created_at","updated_at") VALUES('f127cda8-333d-4382-a92e-5509c797820a','b28e3b81-a53c-4375-93b5-7fba91b4320f','8b4fab7d-888b-4cff-a42a-a73ff63ba015','supposedly_completed','2026-06-02 09:11:41','2026-06-02 09:11:41');
INSERT INTO "claims" ("id","user_id","level_id","priority","created_at","updated_at") VALUES('41c9f52f-59b1-46f6-a942-65060b8251d3','b28e3b81-a53c-4375-93b5-7fba91b4320f','5f0f9df0-5cfd-412b-88cf-a5fc7837f513','supposedly_completed','2026-06-02 09:11:49','2026-06-02 09:11:49');
INSERT INTO "claims" ("id","user_id","level_id","priority","created_at","updated_at") VALUES('1378824b-b4b6-4995-a248-ab6aeb9b1421','b28e3b81-a53c-4375-93b5-7fba91b4320f','973ed6b0-65e0-45da-9eff-4a5996aa29d9','supposedly_completed','2026-06-02 09:12:00','2026-06-02 09:12:00');
INSERT INTO "claims" ("id","user_id","level_id","priority","created_at","updated_at") VALUES('91cde402-6345-4593-a6b8-25e3819b901f','b28e3b81-a53c-4375-93b5-7fba91b4320f','ee7db7d2-003a-4d4c-ae49-62c11f4dd377','supposedly_completed','2026-06-02 09:12:06','2026-06-02 09:12:06');
INSERT INTO "claims" ("id","user_id","level_id","priority","created_at","updated_at") VALUES('772b0638-d331-4ef7-a01d-c160dc1e6c46','b28e3b81-a53c-4375-93b5-7fba91b4320f','36f1f660-ef7c-4072-a3ce-ca06a2fd98cb','supposedly_completed','2026-06-02 09:12:13','2026-06-02 09:12:13');
INSERT INTO "claims" ("id","user_id","level_id","priority","created_at","updated_at") VALUES('df337bfd-fe70-4fae-b6fa-67822f55bab8','b28e3b81-a53c-4375-93b5-7fba91b4320f','13eecb2d-4781-4945-ba87-8c59f256db65','supposedly_completed','2026-06-02 09:12:22','2026-06-02 09:12:22');
INSERT INTO "claims" ("id","user_id","level_id","priority","created_at","updated_at") VALUES('ef6c3e71-d27e-421b-a237-d2de031d517f','b28e3b81-a53c-4375-93b5-7fba91b4320f','5dfb7313-ece0-4d3b-9fde-bff319e9cce8','supposedly_completed','2026-06-02 09:12:29','2026-06-02 09:12:29');
INSERT INTO "claims" ("id","user_id","level_id","priority","created_at","updated_at") VALUES('6c4bbf17-1d47-468b-8101-e1ecbe00ceb3','b28e3b81-a53c-4375-93b5-7fba91b4320f','5d634f9a-7743-4721-b11c-1e6625c5ea56','supposedly_completed','2026-06-02 09:12:38','2026-06-02 09:12:38');
INSERT INTO "claims" ("id","user_id","level_id","priority","created_at","updated_at") VALUES('e3dbe0fc-549f-4468-a8d2-2d511ff83362','b28e3b81-a53c-4375-93b5-7fba91b4320f','c720aea6-c5ee-4910-a311-12471f8e06a8','supposedly_completed','2026-06-02 09:12:53','2026-06-02 09:12:53');
INSERT INTO "claims" ("id","user_id","level_id","priority","created_at","updated_at") VALUES('066c5776-de93-42df-91b5-f2ced2d02d18','b28e3b81-a53c-4375-93b5-7fba91b4320f','d923688c-5f32-4144-b94c-f8bbab1a8fc0','supposedly_completed','2026-06-02 09:12:59','2026-06-02 09:12:59');
INSERT INTO "claims" ("id","user_id","level_id","priority","created_at","updated_at") VALUES('659441e7-7619-45b4-bada-921615fa4563','b28e3b81-a53c-4375-93b5-7fba91b4320f','2ff12dc6-14b8-4df0-b693-38a081e927d7','supposedly_completed','2026-06-02 09:13:07','2026-06-02 09:13:07');
INSERT INTO "claims" ("id","user_id","level_id","priority","created_at","updated_at") VALUES('49768851-e582-4521-a923-4aa8176a80cb','b28e3b81-a53c-4375-93b5-7fba91b4320f','cdefc789-1668-47e1-9d79-005c4d38c6a5','supposedly_completed','2026-06-02 09:13:16','2026-06-02 09:13:16');
INSERT INTO "claims" ("id","user_id","level_id","priority","created_at","updated_at") VALUES('a3d30cd0-29d0-471f-bb9a-f95e1b654c31','b28e3b81-a53c-4375-93b5-7fba91b4320f','ac87af03-9cb1-414f-b617-0d634a47a463','supposedly_completed','2026-06-02 09:13:23','2026-06-02 09:13:23');
INSERT INTO "claims" ("id","user_id","level_id","priority","created_at","updated_at") VALUES('b14b82a4-b220-4bf5-b3f6-1a59728534cc','b28e3b81-a53c-4375-93b5-7fba91b4320f','cbd555b1-1eb9-40a9-bbe3-1a0edf79183f','supposedly_completed','2026-06-02 09:13:43','2026-06-02 09:13:43');
INSERT INTO "claims" ("id","user_id","level_id","priority","created_at","updated_at") VALUES('d165b771-e892-41cc-b474-a9e5b15e6012','b28e3b81-a53c-4375-93b5-7fba91b4320f','b89f3cfe-b00e-45e1-b121-5c8b2b9576d8','supposedly_completed','2026-06-02 09:13:50','2026-06-02 09:13:50');
INSERT INTO "claims" ("id","user_id","level_id","priority","created_at","updated_at") VALUES('e218b72d-a020-4822-b0a0-e1a709b7200e','b28e3b81-a53c-4375-93b5-7fba91b4320f','1c671e4c-3391-4dcf-b80c-88e64af90551','supposedly_completed','2026-06-02 09:13:59','2026-06-02 09:13:59');
INSERT INTO "claims" ("id","user_id","level_id","priority","created_at","updated_at") VALUES('f7728b16-0b09-422b-bc8d-703bc9a97f1b','b28e3b81-a53c-4375-93b5-7fba91b4320f','2dddbf4c-dfdd-42a2-89fa-89d32e73de89','supposedly_completed','2026-06-02 09:14:06','2026-06-02 09:14:06');
INSERT INTO "claims" ("id","user_id","level_id","priority","created_at","updated_at") VALUES('c79d297b-6dc5-4164-b5a5-209018092b5d','b28e3b81-a53c-4375-93b5-7fba91b4320f','3b3da5aa-9061-4f58-be9d-60521a07a20a','supposedly_completed','2026-06-02 09:14:15','2026-06-02 09:14:15');
INSERT INTO "claims" ("id","user_id","level_id","priority","created_at","updated_at") VALUES('7824e1d9-3a47-41c8-8d06-9546126627c5','b28e3b81-a53c-4375-93b5-7fba91b4320f','b0bc02e1-4c31-4b92-9279-45cb8d3ae852','supposedly_completed','2026-06-02 09:14:22','2026-06-02 09:14:22');
INSERT INTO "claims" ("id","user_id","level_id","priority","created_at","updated_at") VALUES('cefc044d-b2fe-43c9-8256-b2b5f397d13d','b28e3b81-a53c-4375-93b5-7fba91b4320f','d78c7b98-7de4-4db6-98d0-e2d92e05647b','supposedly_completed','2026-06-02 09:15:20','2026-06-02 09:15:20');
INSERT INTO "claims" ("id","user_id","level_id","priority","created_at","updated_at") VALUES('c25c0ddc-bf6f-46fb-ab2d-54330a5dc1ab','b28e3b81-a53c-4375-93b5-7fba91b4320f','e42579a4-27f5-4a67-8219-791fd6b862a8','supposedly_completed','2026-06-02 09:15:26','2026-06-02 09:15:26');
INSERT INTO "claims" ("id","user_id","level_id","priority","created_at","updated_at") VALUES('af808c1b-f6d7-4d2c-ad67-c7a6c61401a4','b28e3b81-a53c-4375-93b5-7fba91b4320f','70fa8e01-d84f-4d22-9b11-99854d9ca89c','supposedly_completed','2026-06-02 09:15:34','2026-06-02 09:15:34');
INSERT INTO "claims" ("id","user_id","level_id","priority","created_at","updated_at") VALUES('89743db1-37b6-490a-9cfa-5200a867b41a','b28e3b81-a53c-4375-93b5-7fba91b4320f','087f32ff-ef0b-458a-b934-b5d04c99cb58','supposedly_completed','2026-06-02 09:15:45','2026-06-02 09:15:45');
INSERT INTO "claims" ("id","user_id","level_id","priority","created_at","updated_at") VALUES('f8f2c904-31b3-46ad-aba5-de43fc2b7152','b28e3b81-a53c-4375-93b5-7fba91b4320f','f4bcae5e-f4f2-4d61-8440-b7cc8b5ce623','supposedly_completed','2026-06-02 09:15:51','2026-06-02 09:15:51');
INSERT INTO "claims" ("id","user_id","level_id","priority","created_at","updated_at") VALUES('552bfb38-5119-4a7c-8b56-1aa634730405','b28e3b81-a53c-4375-93b5-7fba91b4320f','552fd9f1-bedb-4427-bc6f-9a41f69c11a2','supposedly_completed','2026-06-02 09:15:59','2026-06-02 09:15:59');
INSERT INTO "claims" ("id","user_id","level_id","priority","created_at","updated_at") VALUES('4741f227-cec5-4b1c-86e3-9a58545da468','b28e3b81-a53c-4375-93b5-7fba91b4320f','e8c5a8c7-aeaa-4748-8ae8-2f9b8157c83e','supposedly_completed','2026-06-02 09:16:06','2026-06-02 09:16:06');
INSERT INTO "claims" ("id","user_id","level_id","priority","created_at","updated_at") VALUES('1060b7ff-7f7a-4ac4-9c84-eec1d8850034','b28e3b81-a53c-4375-93b5-7fba91b4320f','d498012c-1fdf-4e88-9cc4-6757823b90ce','supposedly_completed','2026-06-02 09:16:17','2026-06-02 09:16:17');
INSERT INTO "claims" ("id","user_id","level_id","priority","created_at","updated_at") VALUES('5992c04b-c406-435c-990f-af6e804b1582','b28e3b81-a53c-4375-93b5-7fba91b4320f','e6bf6a67-f3a6-4c44-914a-707fb2b0c835','supposedly_completed','2026-06-02 09:16:32','2026-06-02 09:16:32');
INSERT INTO "claims" ("id","user_id","level_id","priority","created_at","updated_at") VALUES('5ef4d6de-d09f-4584-b498-6a864a820d9f','b28e3b81-a53c-4375-93b5-7fba91b4320f','2c326c39-cf43-494c-bc7a-54a489bdb613','supposedly_completed','2026-06-02 09:16:40','2026-06-02 09:16:40');
INSERT INTO "claims" ("id","user_id","level_id","priority","created_at","updated_at") VALUES('7ecc4d23-0cb5-494c-b0cd-526ff7768863','b28e3b81-a53c-4375-93b5-7fba91b4320f','91f1f680-6dc2-4c67-8190-45af35f5aee8','supposedly_completed','2026-06-02 09:16:47','2026-06-02 09:16:47');
INSERT INTO "claims" ("id","user_id","level_id","priority","created_at","updated_at") VALUES('a4c7f236-1cc5-4c37-8498-ca0304cd298e','b28e3b81-a53c-4375-93b5-7fba91b4320f','a2fff358-ff5a-41ed-8888-eecaa9d54202','supposedly_completed','2026-06-02 09:16:54','2026-06-02 09:16:54');
INSERT INTO "claims" ("id","user_id","level_id","priority","created_at","updated_at") VALUES('9b341a30-d7d0-4661-82f3-3b9232473b31','b28e3b81-a53c-4375-93b5-7fba91b4320f','33f22458-6142-45b2-a45e-9cc488be8304','supposedly_completed','2026-06-02 09:17:00','2026-06-02 09:17:00');
INSERT INTO "claims" ("id","user_id","level_id","priority","created_at","updated_at") VALUES('5743f3d4-b0a7-42c0-96ac-1fb8a1f6cd73','b28e3b81-a53c-4375-93b5-7fba91b4320f','ff2be038-b68f-4a07-ba99-1405128587e2','supposedly_completed','2026-06-02 09:17:11','2026-06-02 09:17:11');
INSERT INTO "claims" ("id","user_id","level_id","priority","created_at","updated_at") VALUES('f0df2ae8-8493-43d2-b46d-c8e3d281de1e','b28e3b81-a53c-4375-93b5-7fba91b4320f','fd84f9e7-3bce-4711-968a-08a76e6ae037','supposedly_completed','2026-06-02 09:17:25','2026-06-02 09:17:25');
INSERT INTO "claims" ("id","user_id","level_id","priority","created_at","updated_at") VALUES('7cdd437a-ce02-4c98-8ee9-5fb6e0798fe3','b28e3b81-a53c-4375-93b5-7fba91b4320f','39504173-5a66-47f4-9edd-be11e3c5383b','supposedly_completed','2026-06-02 09:17:30','2026-06-02 09:17:30');
INSERT INTO "claims" ("id","user_id","level_id","priority","created_at","updated_at") VALUES('db162ab9-43dc-42a9-924b-4f0ab996ba8a','b28e3b81-a53c-4375-93b5-7fba91b4320f','645e44af-bc7d-4ef3-8c57-1fab502592ea','supposedly_completed','2026-06-02 09:17:37','2026-06-02 09:17:37');
INSERT INTO "claims" ("id","user_id","level_id","priority","created_at","updated_at") VALUES('20ef5101-4ade-4708-843a-63eb8e5e87aa','b28e3b81-a53c-4375-93b5-7fba91b4320f','2da1f74b-b838-4f78-92b4-a5764c78f7cf','supposedly_completed','2026-06-02 09:17:45','2026-06-02 09:17:45');
INSERT INTO "claims" ("id","user_id","level_id","priority","created_at","updated_at") VALUES('19eca42b-07be-4e25-9cd0-a34943335580','b28e3b81-a53c-4375-93b5-7fba91b4320f','dd932c5c-ab90-421c-9b46-a28457f0ed40','supposedly_completed','2026-06-02 09:18:02','2026-06-02 09:18:02');
INSERT INTO "claims" ("id","user_id","level_id","priority","created_at","updated_at") VALUES('b8536be7-eb43-46f6-aab7-42e582245b0f','b28e3b81-a53c-4375-93b5-7fba91b4320f','e2d7d352-a87b-4692-9b5e-ef7a7d8d871a','supposedly_completed','2026-06-02 09:18:10','2026-06-02 09:18:10');
INSERT INTO "claims" ("id","user_id","level_id","priority","created_at","updated_at") VALUES('12bfc8f2-3b77-4b16-94e7-927f59dabea8','b28e3b81-a53c-4375-93b5-7fba91b4320f','7b65986f-1948-46be-a444-0edcde91966c','supposedly_completed','2026-06-02 09:18:18','2026-06-02 09:18:18');
INSERT INTO "claims" ("id","user_id","level_id","priority","created_at","updated_at") VALUES('af8026e7-9e1d-4484-8a65-0e24730e1941','b28e3b81-a53c-4375-93b5-7fba91b4320f','13e9df45-7602-4722-9dea-30ad08937e75','supposedly_completed','2026-06-02 09:18:24','2026-06-02 09:18:24');
INSERT INTO "claims" ("id","user_id","level_id","priority","created_at","updated_at") VALUES('16013fd0-3f54-4238-a173-ebe27390ffee','b28e3b81-a53c-4375-93b5-7fba91b4320f','79488831-7832-4cb6-b49e-e74b3ff92d09','supposedly_completed','2026-06-02 09:18:33','2026-06-02 09:18:33');
INSERT INTO "claims" ("id","user_id","level_id","priority","created_at","updated_at") VALUES('299b5ec3-9ad5-45e7-8176-3d54624dd454','b28e3b81-a53c-4375-93b5-7fba91b4320f','59d88102-7e4b-43af-9221-ef956e16ae57','supposedly_completed','2026-06-02 09:18:41','2026-06-02 09:18:41');
INSERT INTO "claims" ("id","user_id","level_id","priority","created_at","updated_at") VALUES('e002b5e5-5acb-4b92-a23a-6bdfa09253b7','b28e3b81-a53c-4375-93b5-7fba91b4320f','bf65a2a2-5d3e-4a69-a93f-ce733cae9b1a','supposedly_completed','2026-06-02 09:18:58','2026-06-02 09:18:58');
INSERT INTO "claims" ("id","user_id","level_id","priority","created_at","updated_at") VALUES('42f38268-4983-47a8-be12-4f9e28f79583','b28e3b81-a53c-4375-93b5-7fba91b4320f','bc7035e5-9e89-42b2-a707-a4203c5b7934','supposedly_completed','2026-06-02 09:19:06','2026-06-02 09:19:06');
INSERT INTO "claims" ("id","user_id","level_id","priority","created_at","updated_at") VALUES('71e0806b-b4bf-4f3a-955b-7a937750115d','b28e3b81-a53c-4375-93b5-7fba91b4320f','3318b3a2-665a-453d-834d-a87cf52acafc','supposedly_completed','2026-06-02 09:19:17','2026-06-02 09:19:17');
INSERT INTO "claims" ("id","user_id","level_id","priority","created_at","updated_at") VALUES('cdceaf3d-0f47-4bc3-8ed8-1d25f3b6ee0b','b28e3b81-a53c-4375-93b5-7fba91b4320f','5feafc69-0c9e-4075-a148-04f5b2a31aaa','supposedly_completed','2026-06-02 09:19:25','2026-06-02 09:19:25');
INSERT INTO "claims" ("id","user_id","level_id","priority","created_at","updated_at") VALUES('cf7f2e5a-b5a4-4d6b-b2d9-1a4c2aec6c32','b28e3b81-a53c-4375-93b5-7fba91b4320f','09383ccb-df6e-4095-b2ac-ab6fa1942a42','supposedly_completed','2026-06-02 09:19:30','2026-06-02 09:19:30');
INSERT INTO "claims" ("id","user_id","level_id","priority","created_at","updated_at") VALUES('fc3735d2-0a9e-43c7-83de-ff9804280473','b28e3b81-a53c-4375-93b5-7fba91b4320f','365d318e-8ef1-45e9-86fb-31dc4aa665ee','supposedly_completed','2026-06-02 09:19:41','2026-06-02 09:19:41');
INSERT INTO "claims" ("id","user_id","level_id","priority","created_at","updated_at") VALUES('d62c95e5-1ab0-48bf-9c3c-6a4f437a1fa4','b28e3b81-a53c-4375-93b5-7fba91b4320f','e2f1f483-f68e-49a0-99eb-a0cfd58bba4b','supposedly_completed','2026-06-02 09:19:48','2026-06-02 09:19:48');
INSERT INTO "claims" ("id","user_id","level_id","priority","created_at","updated_at") VALUES('60f3bb91-f6a7-4bd4-a732-46578a1bb5f5','b28e3b81-a53c-4375-93b5-7fba91b4320f','f0a81550-c519-4327-95a1-759633838400','supposedly_completed','2026-06-02 09:20:03','2026-06-02 09:20:03');
INSERT INTO "claims" ("id","user_id","level_id","priority","created_at","updated_at") VALUES('045ab52b-7843-4ac5-9d31-798d44e7f6b9','b28e3b81-a53c-4375-93b5-7fba91b4320f','c5b709c5-a276-4a3f-81a7-fc06e5273c4f','supposedly_completed','2026-06-02 09:20:10','2026-06-02 09:20:10');
INSERT INTO "claims" ("id","user_id","level_id","priority","created_at","updated_at") VALUES('f7f82c26-de86-4edd-bb8c-463cfbb7d60d','b28e3b81-a53c-4375-93b5-7fba91b4320f','ca7fdf66-1abe-41dd-ade9-de9b17a9ceea','supposedly_completed','2026-06-02 09:20:17','2026-06-02 09:20:17');
INSERT INTO "claims" ("id","user_id","level_id","priority","created_at","updated_at") VALUES('f3e8b982-a054-44f0-931d-128465445163','b28e3b81-a53c-4375-93b5-7fba91b4320f','f65c6f91-8d79-46ec-a94a-70f364c3f2ba','supposedly_completed','2026-06-02 09:20:42','2026-06-02 09:20:42');
INSERT INTO "claims" ("id","user_id","level_id","priority","created_at","updated_at") VALUES('b691f8c3-cad4-46c8-aadf-82ff7344fca9','b28e3b81-a53c-4375-93b5-7fba91b4320f','d9946226-c67d-4316-97c5-3774045d28dc','supposedly_completed','2026-06-02 09:20:49','2026-06-02 09:20:49');
INSERT INTO "claims" ("id","user_id","level_id","priority","created_at","updated_at") VALUES('dcffbbad-a9ae-444e-b7ca-e22e6b5f7811','eeadd766-3b5f-4983-a8c6-dd776502b869','9626e9f1-6ff8-4b7d-82ff-3c403b795b96','begrudgingly_earmarked','2026-06-02 22:21:45','2026-06-02 22:21:45');
INSERT INTO "claims" ("id","user_id","level_id","priority","created_at","updated_at") VALUES('8b0c4417-cc02-4ae7-9157-8a34e3888db7','f0a0a328-107f-4cef-8319-53376f19a934','7c6b4723-5df7-4c7f-a53f-da860c40c666','locked_down','2026-06-02 22:35:50','2026-06-02 22:35:50');
INSERT INTO "claims" ("id","user_id","level_id","priority","created_at","updated_at") VALUES('5d8f7b70-271d-43d5-a2b7-269664a49f37','39c7c148-b2af-465f-ba24-8cdea8a9efb0','e03cc0d9-7489-4d70-80d5-135744b43bf2','supposedly_completed','2026-06-04 01:01:40','2026-06-04 01:01:40');
INSERT INTO "claims" ("id","user_id","level_id","priority","created_at","updated_at") VALUES('2c2ac0a5-0107-43ac-8bb9-d168c6409d84','39c7c148-b2af-465f-ba24-8cdea8a9efb0','c0d26a87-2fa7-4e18-a101-dafce3ba2364','supposedly_completed','2026-06-04 01:02:10','2026-06-04 01:02:10');
INSERT INTO "claims" ("id","user_id","level_id","priority","created_at","updated_at") VALUES('5cdd0ebd-be81-4074-b7e2-d097e4f26501','39c7c148-b2af-465f-ba24-8cdea8a9efb0','c79b14fa-0d5c-4c2d-8e3a-08d60c35b4a2','locked_down','2026-06-04 01:03:36','2026-06-04 01:03:36');
INSERT INTO "claims" ("id","user_id","level_id","priority","created_at","updated_at") VALUES('b2a16944-9f03-442a-afb4-20c2d3373831','95375ab1-6067-45de-9065-2023e71e1418','74ed6c78-357e-4626-803b-6c378126ea8a','supposedly_completed','2026-06-04 01:03:52','2026-06-04 01:03:52');
INSERT INTO "claims" ("id","user_id","level_id","priority","created_at","updated_at") VALUES('8126a4b0-92b7-474e-97ae-2a9005c04808','39c7c148-b2af-465f-ba24-8cdea8a9efb0','5731550b-c726-4b02-b80a-3b066eb06705','supposedly_completed','2026-06-04 01:07:52','2026-06-04 01:07:52');
INSERT INTO "claims" ("id","user_id","level_id","priority","created_at","updated_at") VALUES('60d695a0-cc9e-4be2-a4cd-668d793b2e49','39c7c148-b2af-465f-ba24-8cdea8a9efb0','4eb1e9f2-a218-47a3-be8f-cd0c4109d96c','supposedly_completed','2026-06-04 01:10:27','2026-06-04 01:10:27');
DELETE FROM sqlite_sequence;
INSERT INTO "sqlite_sequence" ("name","seq") VALUES('d1_migrations',5);
CREATE INDEX idx_claims_level ON claims(level_id);
CREATE INDEX idx_claims_user ON claims(user_id);
